{"name":"Offline Invoice Maker","short_name":"Invoice Maker","start_url":"/offline-invoice-maker/","scope":"./","display":"standalone","background_color":"#ffffff","theme_color":"#ffffff","orientation":"portrait-primary","lang":"en","dir":"ltr","categories":["productivity","business"],"description":"Create and manage invoices offline. Generate PDFs and store history on your device.","icons":[{"src":"./assets/icons/icon-512.png","sizes":"512x512","type":"image/png"},{"src":"./assets/logo.png","sizes":"512x512","type":"image/png"}],"shortcuts":[{"name":"New Invoice","short_name":"New","url":"./?new=true","icons":[{"src":"./assets/icons/icon-192.png","sizes":"192x192","type":"image/png"}]}]}